County_Name,County_Code,facility_total,housing_median_age,total_rooms,total_bedrooms,population,households,median_income,median_house_value,E_TOTPOP,E_HU,M_HU,E_HH,M_HH,E_POV150,M_POV150,E_UNEMP,M_UNEMP,E_HBURD,M_HBURD,E_NOHSDP,M_NOHSDP,E_UNINSUR,M_UNINSUR,E_AGE65,M_AGE65,E_AGE17,M_AGE17,E_DISABL,M_DISABL,E_SNGPNT,M_SNGPNT,E_LIMENG,M_LIMENG,E_MINRTY,M_MINRTY,E_MUNIT,M_MUNIT,E_MOBILE,M_MOBILE,E_CROWD,M_CROWD,E_NOVEH,M_NOVEH,E_GROUPQ,M_GROUPQ,EP_POV150,MP_POV150,EP_UNEMP,MP_UNEMP,EP_HBURD,MP_HBURD,EP_NOHSDP,MP_NOHSDP,EP_UNINSUR,MP_UNINSUR,EP_AGE65,MP_AGE65,EP_AGE17,MP_AGE17,EP_DISABL,MP_DISABL,EP_SNGPNT,MP_SNGPNT,EP_LIMENG,MP_LIMENG,EP_MINRTY,MP_MINRTY,EP_MUNIT,MP_MUNIT,EP_MOBILE,MP_MOBILE,EP_CROWD,MP_CROWD,EP_NOVEH,MP_NOVEH,EP_GROUPQ,MP_GROUPQ,EPL_POV150,EPL_UNEMP,EPL_HBURD,EPL_NOHSDP,EPL_UNINSUR,SPL_THEME1,RPL_THEME1,EPL_AGE65,EPL_AGE17,EPL_DISABL,EPL_SNGPNT,EPL_LIMENG,SPL_THEME2,RPL_THEME2,EPL_MINRTY,SPL_THEME3,RPL_THEME3,EPL_MUNIT,EPL_MOBILE,EPL_CROWD,EPL_NOVEH,EPL_GROUPQ,SPL_THEME4,RPL_THEME4,SPL_THEMES,RPL_THEMES,F_POV150,F_UNEMP,F_HBURD,F_NOHSDP,F_UNINSUR,F_THEME1,F_AGE65,F_AGE17,F_SNGPNT,F_LIMENG,F_THEME2,F_MINRTY,F_THEME3,F_MUNIT,F_CROWD,F_NOVEH,F_GROUPQ,F_THEME4,E_DAYPOP,E_NOINT,M_NOINT,E_AFAM,M_AFAM,E_HISP,M_HISP,E_ASIAN,M_ASIAN,E_AIAN,M_AIAN,E_NHPI,M_NHPI,E_TWOMORE,M_TWOMORE,E_OTHERRACE,M_OTHERRACE,EP_NOINT,MP_NOINT,EP_AFAM,MP_AFAM,EP_HISP,MP_HISP,EP_ASIAN,MP_ASIAN,EP_AIAN,MP_AIAN,EP_NHPI,MP_NHPI,EP_TWOMORE,MP_TWOMORE,EP_OTHERRACE,MP_OTHERRACE
Alameda,6001,114,37.30966469,2422.153846,490.8293651,1235.859961,466.8096647,3.834314892,208539.4596,1661584,605767,422,573174,1395,233543,5366,43126,1796,147454,2797,132307,2763,70389,2810,231186,0,341591,0,151635,3012,29079,1353,119494,3061,1153001,4270,135019,2273,7291,571,45236,1588,53539,1379,31878,1199,14.3,0.3,4.7,0.2,25.7,0.5,11.2,0.2,4.3,0.2,13.9,0,20.6,0,9.2,0.2,5.1,0.2,7.6,0.2,69.4,0.3,22.3,0.4,1.2,0.1,7.9,0.3,9.3,0.2,1.9,0.1,0.0945,0.4561,0.7581,0.4997,0.0974,1.9058,0.3001,0.1123,0.3011,0.0385,0.3905,0.9621,1.8045,0.1184,0.9621,0.9621,0.9621,0.9815,0.0436,0.9733,0.8816,0.478,3.358,0.9109,8.0304,0.515,0,0,0,0,0,0,0,0,0,1,1,1,1,1,1,0,0,2,1715160,110366,4585,167316,1387,369546,0,515105,2453,4942,249,12924,533,76404,3004,6764,961,6.8,0,10.1,0.1,22.2,0,31,0.1,0.3,0.1,0.8,0.1,4.6,0.2,0.4,0.1
Alpine,6003,0,16,2156.666667,430,371,150,2.6139,118700,1159,1794,120,397,79,227,92,45,30,46,20,41,24,88,53,337,62,252,64,182,65,8,8,17,47,564,124,450,100,21,19,15,10,13,8,35,18,19.6,7.4,10,6.4,11.6,4.5,4.7,2.6,7.6,4.5,29.1,5.2,21.7,4.5,15.7,4.9,2,2,1.6,4.3,48.7,7.9,25.1,5.3,1.2,1.1,3.8,2.4,3.3,2.1,3,1.5,0.3011,0.9564,0.0156,0.0423,0.4227,1.7381,0.253,0.9637,0.4398,0.5118,0.0255,0.7139,2.6547,0.6337,0.8686,0.8686,0.8686,0.9879,0.0436,0.8549,0.1486,0.6696,2.7046,0.6082,7.966,0.5041,0,1,0,0,0,1,1,0,0,0,1,0,0,1,0,0,0,1,1299,114,245,10,23,183,111,6,9,333,41,0,13,32,23,0,13,10.1,1.6,0.9,2,15.8,7.9,0.5,0.8,28.7,4.2,0,3.4,2.8,2.1,0,3.4
Amador,6005,2,19.32142857,2362.535714,457.6428571,1072.821429,375.6428571,3.106507143,117146.4286,39023,18246,170,14844,451,5416,776,853,197,4398,586,2711,314,1817,421,10537,98,5962,67,6336,679,493,144,418,131,9062,391,908,374,1349,216,381,138,1009,383,3578,380,15.3,2.2,5.6,1.3,29.6,3.8,8.8,1,5.1,1.2,27,0.3,15.3,0.2,17.9,1.9,3.3,1,1.1,0.3,23.2,1,5,2,7.4,1.2,2.6,0.9,6.8,2.6,9.2,1,0.1213,0.6279,0.9106,0.3132,0.1741,2.1471,0.3749,0.9344,0.0264,0.6964,0.1015,0.6104,2.3691,0.4309,0.5977,0.5977,0.5977,0.6852,0.3692,0.7021,0.6859,0.9208,3.3632,0.9115,8.4771,0.5942,0,0,1,0,0,1,1,0,0,0,1,0,0,0,0,0,1,1,37659,4304,883,867,125,5591,0,352,104,205,70,30,35,1768,244,249,248,12.1,0.1,2.2,0.3,14.3,0,0.9,0.3,0.5,0.2,0.1,0.1,4.5,0.6,0.6,0.6
Butte,6007,26,25.21153846,2401.942308,487.1354839,1167.435897,459.3910256,2.335321795,89611.53846,223344,93968,223,83879,885,63024,2406,7687,783,29129,1348,15042,962,13336,1015,40663,32,44865,0,37565,1531,4313,487,5615,637,64420,1063,7581,740,11432,727,2905,424,5564,594,6245,543,28.9,1.1,7.4,0.8,34.7,1.6,10.3,0.7,6,0.5,18.2,0.1,20.1,0,17,0.7,5.1,0.6,2.7,0.3,28.8,0.5,8.1,0.8,12.2,0.8,3.5,0.5,6.6,0.7,2.8,0.2,0.7253,0.8485,0.9841,0.4344,0.2702,3.2625,0.7492,0.4319,0.2559,0.6273,0.3905,0.8367,2.5423,0.5544,0.6655,0.6655,0.6655,0.8288,0.5719,0.831,0.6556,0.6448,3.5321,0.9504,10.0024,0.8294,0,0,1,0,0,1,0,0,0,0,0,0,0,0,0,0,0,0,211098,19835,1877,3778,316,37585,0,10350,507,1725,323,487,138,10160,792,335,152,9.1,0,1.7,0.1,16.8,0,4.6,0.2,0.8,0.1,0.2,0.1,4.5,0.4,0.1,0.1
Calaveras,6009,5,16.40625,3001.0625,598.53125,999.9375,395.28125,2.81455625,107893.75,45828,28096,63,16958,557,9067,1157,949,241,5956,645,3641,530,2424,628,12840,244,7618,170,9146,915,726,242,312,217,9048,391,429,188,2108,342,315,136,269,99,514,154,20,2.5,5.2,1.3,35.1,3.6,10.3,1.5,5.3,1.4,28,0.5,16.6,0.4,20.1,2,4.3,1.4,0.7,0.5,19.7,0.9,1.5,0.7,7.5,1.2,1.9,0.8,1.6,0.6,1.1,0.3,0.3199,0.5586,0.987,0.4344,0.1926,2.4925,0.4914,0.9513,0.0547,0.83,0.2285,0.4736,2.5381,0.5516,0.5439,0.5439,0.5439,0.2699,0.3736,0.5032,0.0229,0.1913,1.3609,0.0672,6.9354,0.324,0,0,1,0,0,1,1,0,0,0,1,0,0,0,0,0,0,0,35355,5807,1258,450,159,5710,0,864,152,271,146,18,21,1691,284,44,52,12.8,0.1,1,0.3,12.5,0,1.9,0.3,0.6,0.3,0,0.1,3.7,0.6,0.1,0.1
Colusa,6011,4,34.6875,1941.5625,393.4375,1017.1875,350.75,2.58470625,77731.25,21491,8153,58,7329,163,4958,748,425,149,2152,285,3728,276,1815,360,3142,73,5863,59,2861,309,596,157,2821,379,14009,187,155,73,612,114,434,130,324,110,202,65,23.3,3.5,4.2,1.5,29.4,3.8,27.2,2,8.5,1.7,14.6,0.3,27.3,0.3,13.4,1.4,8.1,2.1,14.2,1.9,65.2,0.9,1.9,0.9,7.5,1.4,5.9,1.8,4.4,1.5,0.9,0.3,0.4774,0.3539,0.9064,0.9777,0.4994,3.2148,0.7352,0.1477,0.9398,0.2874,0.8479,0.9908,3.2136,0.9125,0.9459,0.9459,0.9459,0.3469,0.3736,0.9513,0.3055,0.126,2.1033,0.2915,9.4776,0.7642,0,0,1,1,0,2,0,1,0,1,2,1,1,0,1,0,0,1,22483,2700,495,263,61,12840,0,160,85,149,71,32,35,512,120,53,58,12.7,0,1.2,0.3,59.7,0,0.7,0.4,0.7,0.3,0.1,0.2,2.4,0.6,0.2,0.3
Contra Costa,6013,40,26.85333333,2964.566667,530.4865772,1347.035,505.1716667,4.706333333,217034.025,1147788,415067,303,398299,1065,156345,5795,32666,1747,98841,2767,80257,2339,57133,2864,181578,0,260191,0,127957,2672,23103,1256,65454,2634,658653,4613,53171,1691,6533,606,19927,1241,21003,1402,9828,752,13.7,0.5,5.5,0.3,24.8,0.7,10.1,0.3,5,0.3,15.8,0,22.7,0,11.2,0.2,5.8,0.3,6,0.2,57.4,0.4,12.8,0.4,1.6,0.1,5,0.3,5.3,0.4,0.9,0.1,0.0789,0.6143,0.7126,0.4131,0.1633,1.9822,0.3237,0.219,0.5837,0.1264,0.5344,0.9446,2.4081,0.4605,0.9115,0.9115,0.9115,0.9201,0.0659,0.9243,0.4605,0.126,2.4968,0.4917,7.7986,0.4736,0,0,0,0,0,0,0,0,0,1,1,1,1,1,1,0,0,2,998459,56576,3642,94463,1509,295791,0,196904,2267,2198,370,5269,370,59875,3550,4153,994,5,0,8.2,0.1,25.8,0,17.2,0.2,0.2,0.1,0.5,0.1,5.2,0.3,0.4,0.1
Del Norte,6015,6,18.5625,2749.5625,568.1875,1465.8125,499.1875,2.41631875,92287.5,27692,11349,117,9805,313,6747,948,625,182,2990,410,4008,359,1370,405,4924,103,6003,114,4622,446,613,207,411,164,10764,555,433,178,2220,262,395,131,847,262,2790,289,27.4,3.8,6.4,1.8,30.5,4.1,20.3,1.8,5.5,1.6,17.8,0.4,21.7,0.4,18.5,1.8,6.3,2.1,1.6,0.6,38.9,2,3.8,1.6,19.6,2.3,4,1.3,8.6,2.6,10.1,1,0.6744,0.7549,0.9297,0.8975,0.2139,3.4704,0.8144,0.3851,0.4398,0.7384,0.6257,0.7139,2.9029,0.7788,0.7801,0.7801,0.7801,0.5939,0.7849,0.8711,0.8402,0.9344,4.0245,0.9968,11.1779,0.9462,0,0,1,0,0,1,0,0,0,0,0,0,0,0,0,0,1,1,27006,3099,601,723,126,5552,0,851,174,1867,228,50,36,1380,358,341,285,12.4,0.1,2.6,0.5,20,0,3.1,0.6,6.7,0.8,0.2,0.1,5,1.3,1.2,1
El Dorado,6017,9,17.58333333,2730.8,515.825,1071.866667,398.4166667,3.381576667,145876.675,190345,91569,158,73078,874,25790,2223,4197,443,20187,1110,8300,724,8174,918,40418,98,37911,42,24758,1123,2508,389,2722,419,43426,880,4353,499,4861,528,1864,331,3117,438,1766,356,13.7,1.2,4.7,0.5,27.6,1.5,6,0.5,4.3,0.5,21.2,0.1,19.9,0,13.1,0.6,3.4,0.5,1.5,0.2,22.8,0.5,4.8,0.5,5.3,0.6,2.6,0.5,4.3,0.6,0.9,0.2,0.0789,0.4561,0.8453,0.0961,0.0974,1.5738,0.2046,0.712,0.2387,0.261,0.113,0.6986,2.0233,0.2155,0.5907,0.5907,0.5907,0.676,0.2632,0.7021,0.2909,0.126,2.0582,0.2743,6.246,0.2266,0,0,0,0,0,0,0,0,0,0,0,0,0,0,0,0,0,0,165238,14889,1283,1439,203,24773,0,9023,470,864,294,439,100,6579,624,309,168,7.9,0,0.8,0.1,13,0,4.7,0.2,0.5,0.2,0.2,0.1,3.5,0.3,0.2,0.1
Fresno,6019,73,25.78666667,2220.390476,444.3926499,1261.449524,418.2438095,2.924026286,84680.57143,990204,333357,328,310097,1237,316814,7716,39697,2052,110585,2808,138814,2658,76302,3248,121129,59,281391,0,127456,2547,27574,1225,99823,3270,706035,2626,28072,1469,12429,899,29905,1591,24446,1188,16855,867,32.6,0.8,8.9,0.4,35.7,0.9,22.7,0.4,7.8,0.3,12.2,0.1,28.4,0,13,0.3,8.9,0.4,10.9,0.4,71.3,0.3,8.4,0.4,3.7,0.3,9.6,0.5,7.9,0.4,1.7,0.1,0.8339,0.9249,0.9895,0.9443,0.4398,4.1324,0.9596,0.0503,0.9564,0.2524,0.8978,0.9806,3.1375,0.8848,0.9679,0.9679,0.9679,0.8355,0.1684,0.9847,0.7922,0.4198,3.2006,0.8561,11.4384,0.9609,0,1,1,1,0,3,0,1,0,1,2,1,1,0,1,0,0,1,1028337,134740,4571,43660,1101,528293,0,102986,1291,4459,483,1305,188,23353,1829,1979,636,13.8,0,4.4,0.1,53.4,0,10.4,0.1,0.5,0.1,0.1,0.1,2.4,0.2,0.2,0.1
Glenn,6021,5,26,1827.307692,358.8076923,953.7692308,339.2692308,2.400723077,72276.88462,28060,11210,53,10216,234,7099,917,712,182,2950,394,4608,420,2549,596,4593,96,7491,0,4197,471,698,183,2700,518,13762,349,719,226,1505,300,402,147,423,158,289,110,25.6,3.3,5.7,1.5,28.9,3.8,25.5,2.3,9.2,2.1,16.4,0.3,26.7,0,15.1,1.7,6.8,1.8,10.4,2,49,1.2,6.4,2,13.4,2.7,3.9,1.4,4.1,1.5,1,0.4,0.5933,0.6442,0.8912,0.9701,0.5525,3.6513,0.8625,0.2623,0.9223,0.4523,0.7015,0.9784,3.3168,0.944,0.8717,0.8717,0.8717,0.7661,0.6136,0.8635,0.2575,0.1569,2.6576,0.5834,10.4974,0.8854,0,0,0,1,0,1,0,1,0,1,2,0,0,0,0,0,0,0,24993,5385,829,181,105,11828,0,877,269,359,86,12,15,505,174,0,25,19.4,0.1,0.6,0.4,42.2,0,3.1,1,1.3,0.3,0,0.1,1.8,0.6,0,0.1
Humboldt,6023,32,31.65354331,1926.488189,403.8306452,937.480315,365.511811,2.473592126,88792.91339,136101,63003,217,54120,782,41100,2207,6074,710,21035,1068,8745,760,10480,1062,24287,49,25945,82,22711,1114,3417,502,1942,483,36240,1075,2754,342,5388,534,2239,342,3903,470,4054,489,30.9,1.7,9,1,38.9,1.9,9.4,0.8,7.8,0.8,17.8,0.1,19.1,0.1,16.8,0.8,6.3,0.9,1.5,0.4,26.6,0.8,4.4,0.5,8.6,0.8,4.1,0.6,7.2,0.9,3,0.4,0.7871,0.9293,0.9971,0.3577,0.4398,3.511,0.8269,0.3851,0.168,0.612,0.6257,0.6986,2.4894,0.5201,0.6416,0.6416,0.6416,0.6502,0.4201,0.8768,0.7292,0.6696,3.3459,0.9067,9.9879,0.8278,0,1,1,0,0,2,0,0,0,0,0,0,0,0,0,0,0,0,129822,14445,1582,1314,224,16228,0,3829,338,5544,572,451,126,8549,788,325,166,10.9,0,1,0.2,11.9,0,2.8,0.2,4.1,0.4,0.3,0.1,6.3,0.6,0.2,0.1
Imperial,6025,14,22.24576271,1379.898305,308.8050847,920.6186441,277.4237288,2.527736441,74405.08475,180580,57855,158,45768,812,61805,3146,9444,1162,16570,1186,32935,1491,12001,1337,23306,136,51772,0,23772,1742,4342,558,32870,1812,162187,507,3929,557,5684,528,4536,569,3237,449,10063,559,36.3,1.8,13.7,1.6,36.2,2.5,29.8,1.4,7,0.8,12.9,0.1,28.7,0,13.9,1,9.5,1.2,19.8,1.1,89.8,0.3,6.8,1,9.8,0.9,9.9,1.2,7.1,1,5.6,0.3,0.9131,0.9901,0.9914,0.987,0.3663,4.2479,0.971,0.0719,0.9609,0.3421,0.9239,0.9971,3.2959,0.9376,0.994,0.994,0.994,0.782,0.4749,0.9866,0.7164,0.8364,3.7963,0.9873,12.3341,0.9946,1,1,1,1,0,4,0,1,1,1,3,1,1,0,1,0,0,1,191677,20652,2502,4317,200,152880,0,2375,193,1030,176,112,68,1322,356,151,135,12.1,0,2.4,0.1,84.7,0,1.3,0.1,0.6,0.1,0.1,0.1,0.7,0.2,0.1,0.1
Inyo,6027,4,23.72222222,2275,484,1015.611111,420.2777778,2.515916667,100794.3889,17930,9514,91,7954,238,2850,362,330,93,1927,242,1246,158,1183,306,4172,34,3722,82,2690,268,276,91,303,130,6980,246,216,92,2322,211,153,66,446,145,626,190,16.3,2.1,3.9,1.1,24.2,3,9.5,1.2,6.7,1.7,23.3,0.2,20.8,0.5,15.3,1.5,3.5,1.1,1.8,0.8,38.9,1.4,2.3,1,24.4,2.2,1.9,0.8,5.6,1.8,3.5,1.1,0.1566,0.2861,0.6747,0.3647,0.3383,1.8204,0.2778,0.8348,0.3186,0.4717,0.1235,0.746,2.4946,0.5248,0.7801,0.7801,0.7801,0.4106,0.8765,0.5032,0.5054,0.7222,3.0179,0.7747,8.113,0.5293,0,0,0,0,0,0,0,0,0,0,0,0,0,0,0,0,0,0,17681,2392,483,85,53,4115,0,254,74,1683,142,37,5,760,176,46,38,13.8,0.2,0.5,0.3,23,0,1.4,0.4,9.4,0.8,0.2,0.1,4.2,1,0.3,0.2
Kern,6029,71,25.93783784,2620.975676,532.4184783,1429.716216,485.0810811,2.871032973,81421.08108,892458,299179,427,273556,1327,290989,6988,34847,1657,95873,2541,134122,2991,66775,2978,97864,59,258159,0,98426,2829,23417,1419,82813,2881,595953,2670,16844,1024,22085,1121,25164,1287,17920,1162,30505,1341,33.8,0.8,9.1,0.4,35,0.9,24.7,0.5,7.7,0.3,11,0.1,28.9,0,11.4,0.3,8.6,0.5,10.1,0.3,66.8,0.3,5.6,0.3,7.4,0.4,9.2,0.5,6.6,0.4,3.4,0.2,0.8612,0.9322,0.986,0.9628,0.4309,4.1731,0.9621,0.0245,0.9637,0.1404,0.8826,0.9771,2.9883,0.8221,0.9526,0.9526,0.9526,0.7285,0.3692,0.9825,0.6556,0.7116,3.4474,0.9332,11.5614,0.9694,0,1,1,1,0,3,0,1,0,1,2,1,1,0,1,0,0,1,902998,117131,5419,45312,1039,480700,0,41599,1214,4149,529,1011,125,21158,1697,2024,1185,13.6,0,5.1,0.1,53.9,0,4.7,0.1,0.5,0.1,0.1,0.1,2.4,0.2,0.2,0.1
Kings,6031,14,24.57954545,1745.159091,350.4886364,1043.659091,330.4318182,2.678685227,76828.40909,151090,46267,289,43604,423,38120,2416,4952,767,12987,884,24350,1009,10122,999,15564,23,40923,45,16034,908,4015,567,14598,1247,103373,922,3149,463,1795,305,3650,453,2287,391,14129,872,27.9,1.8,8.4,1.2,29.8,2,26,1.1,7.5,0.7,10.3,0.1,27.1,0,11.9,0.7,9.2,1.3,10.5,0.9,68.4,0.6,6.8,1,3.9,0.7,8.4,1,5.2,0.9,9.4,0.6,0.6935,0.9058,0.9163,0.9733,0.4134,3.9023,0.922,0.0156,0.9338,0.1728,0.9106,0.979,3.0118,0.8339,0.9583,0.9583,0.9583,0.782,0.1779,0.978,0.4421,0.9252,3.3052,0.8921,11.1776,0.9459,0,1,1,1,0,3,0,1,1,1,3,1,1,0,1,0,1,2,148434,20546,2030,8878,434,82954,0,5421,467,1195,159,154,63,4535,618,236,184,15,0.1,5.9,0.3,54.9,0,3.6,0.3,0.8,0.1,0.1,0.1,3,0.4,0.2,0.1
Lake,6033,7,19.96551724,1528.908046,327.9651163,581.9655172,239.137931,2.377937931,93896.55172,64276,34477,74,25508,604,18196,1361,2819,502,8534,737,6403,634,4642,740,14685,110,13528,0,12831,863,1357,328,1706,421,19786,538,1010,272,7727,600,967,254,1306,259,984,170,28.9,2.2,10.5,1.8,33.5,2.8,13.8,1.4,7.3,1.2,22.8,0.2,21,0,20.2,1.4,5.3,1.3,2.8,0.7,30.8,0.8,2.9,0.8,22.4,1.7,3.8,1,5.1,1,1.5,0.3,0.7253,0.9659,0.9739,0.6544,0.3912,3.7107,0.8765,0.8109,0.3428,0.8348,0.4316,0.8425,3.2626,0.9278,0.6929,0.6929,0.6929,0.4911,0.8447,0.8549,0.4281,0.3517,2.9705,0.7514,10.6367,0.895,0,1,1,0,0,2,0,0,0,0,0,0,0,0,0,0,0,0,53048,9599,1238,1509,152,13667,0,918,190,2006,217,15,19,1591,410,80,123,15.2,0,2.3,0.2,21.3,0,1.4,0.3,3.1,0.3,0,0.1,2.5,0.6,0.1,0.2
Lassen,6035,11,26.08,2042.36,389.8333333,1088.56,341.72,2.704932,76176,30600,12766,221,9172,356,4579,527,541,150,2407,294,4349,482,797,312,4421,208,4937,152,3473,330,536,153,675,275,10727,203,439,142,1645,217,169,57,449,124,9841,493,22,2.5,6.1,1.8,26.2,3,19.5,2.1,3.8,1.5,14.4,0.7,16.1,0.5,16.5,1.5,5.8,1.7,2.3,0.9,35.1,0.7,3.4,1.1,12.9,1.7,1.8,0.6,4.9,1.3,32.2,1.6,0.4192,0.7151,0.7839,0.8778,0.0589,2.8549,0.613,0.1384,0.0401,0.5847,0.5344,0.8046,2.1022,0.2651,0.7377,0.7377,0.7377,0.5522,0.5964,0.4742,0.3934,0.9965,3.0127,0.7708,8.7075,0.6353,0,0,0,0,0,0,0,0,0,0,0,0,0,0,0,0,1,1,31233,2630,700,2605,68,5893,0,470,62,785,84,256,57,633,135,85,66,12.7,0.3,8.5,0.2,19.3,0,1.5,0.2,2.6,0.3,0.8,0.2,2.1,0.4,0.3,0.2
Los Angeles,6037,622,34.25068681,2417.190591,539.3134769,1507.547562,510.1071429,3.884521274,238746.5529,10040682,3559790,989,3332504,5051,2341181,18894,338720,5407,1227349,8610,1395909,8478,914046,10227,1370141,0,2178559,0,1005489,6770,207101,3165,1215442,9831,7437402,8872,971970,6292,56891,1587,374206,4322,293326,3739,182563,3465,23.7,0.2,6.5,0.1,36.8,0.3,20.2,0.1,9.2,0.1,13.6,0,21.7,0,10.1,0.1,6.2,0.1,12.9,0.1,74.1,0.1,27.3,0.2,1.6,0.1,11.2,0.1,8.8,0.1,1.8,0,0.4968,0.7689,0.992,0.8947,0.5525,3.7049,0.874,0.0961,0.4398,0.0691,0.6108,0.9885,2.2043,0.3215,0.9736,0.9736,0.9736,0.9898,0.0659,0.993,0.8536,0.4462,3.3485,0.9074,10.2313,0.8584,0,0,1,0,0,1,0,0,0,1,1,1,1,1,1,0,0,2,9991605,1033981,16698,779166,3477,4851344,0,1467279,4964,19915,992,21996,827,259209,5627,38493,2942,10.5,0,7.8,0.1,48.3,0,14.6,0.1,0.2,0.1,0.2,0.1,2.6,0.1,0.4,0.1
Madera,6039,11,21.64,2137.346667,411.0666667,1174.52,378.2533333,2.716264,85700,155925,50480,180,44479,505,45181,3243,6270,638,14178,964,27479,1246,11242,1203,21858,101,42781,24,19865,1233,2929,473,18287,1369,103816,760,1598,392,3240,382,4840,541,1955,366,8186,546,30.7,2.2,9.6,1,31.9,2.1,28,1.3,7.6,0.8,14,0.1,27.4,0,13.4,0.8,6.6,1.1,12.7,0.9,66.6,0.5,3.2,0.8,6.4,0.8,10.9,1.2,4.4,0.8,5.2,0.4,0.7817,0.9491,0.9577,0.9825,0.4227,4.0937,0.9554,0.1194,0.9418,0.2874,0.6728,0.9876,3.009,0.832,0.9507,0.9507,0.9507,0.5264,0.3227,0.992,0.3055,0.8189,2.9655,0.7454,11.0189,0.9348,0,1,1,1,0,3,0,1,0,1,2,1,1,0,1,0,0,1,151911,17509,2026,4768,307,90958,0,3166,245,1446,262,127,66,3031,548,320,226,11.9,0,3.1,0.2,58.3,0,2,0.2,0.9,0.2,0.1,0.1,1.9,0.4,0.2,0.1
Marin,6041,26,32.15060241,3250.13253,599.9518072,1349.186747,571.373494,5.515172892,357674.8554,259441,112319,260,104900,669,28487,1903,6184,720,24831,1260,12137,967,8222,990,57834,136,51974,0,22652,1167,5069,559,8984,885,76182,1359,14401,889,1319,241,4689,563,4495,497,7152,631,11.2,0.7,4.5,0.5,23.7,1.2,6.4,0.5,3.2,0.4,22.3,0.1,20,0,8.9,0.5,4.8,0.5,3.6,0.4,29.4,0.5,12.8,0.8,1.2,0.2,4.5,0.5,4.3,0.5,2.8,0.2,0.0337,0.4169,0.6356,0.1219,0.0229,1.231,0.1305,0.7826,0.2447,0.0318,0.325,0.8832,2.2673,0.3587,0.6747,0.6747,0.6747,0.9201,0.0436,0.9026,0.2909,0.6448,2.802,0.661,6.975,0.3316,0,0,0,0,0,0,0,0,0,0,0,0,0,1,1,0,0,2,246039,12731,1585,5565,598,41737,0,14794,557,246,130,361,179,11496,954,1983,471,5,0,2.1,0.2,16.1,0,5.7,0.2,0.1,0.1,0.1,0.1,4.4,0.4,0.8,0.2
Mariposa,6043,4,18.11111111,1985.833333,427.7777778,794.5555556,311.3333333,2.609077778,100177.7778,17319,10525,197,7846,409,4140,598,661,182,2565,405,1232,257,1171,308,4881,95,2844,62,3277,342,679,230,141,97,3653,289,303,152,1814,313,188,93,381,133,1190,400,24.2,3.5,8.7,2.4,32.7,4.9,9.1,1.9,6.8,1.8,28.2,0.5,16.4,0.4,19.1,2,8.7,2.9,0.9,0.6,21.1,1.7,2.9,1.4,17.2,3,2.4,1.2,4.9,1.7,6.9,2.3,0.5236,0.9169,0.9675,0.3386,0.3482,3.0948,0.6948,0.9561,0.0477,0.7737,0.888,0.5512,3.2167,0.9134,0.5656,0.5656,0.5656,0.4911,0.7222,0.6483,0.3934,0.8714,3.1264,0.8246,10.0035,0.83,0,1,1,0,0,2,1,0,0,0,1,0,0,0,0,0,0,0,15131,3171,776,266,25,2041,0,186,99,373,129,62,59,619,182,106,142,19.7,0.5,1.5,0.1,11.8,0,1.1,0.6,2.2,0.7,0.4,0.3,3.6,1.1,0.6,0.8
Mendocino,6045,22,25.59493671,2036.35443,425.9367089,1017.025316,385.0506329,2.708873418,121911.3924,87110,40874,174,34164,680,22787,1849,3536,435,12298,813,8269,577,8044,811,19234,94,18592,30,15278,990,2523,379,3810,542,31263,591,1617,307,3911,379,1864,336,2385,369,2275,417,26.6,2.2,8.6,1,36,2.3,13.3,0.9,9.3,0.9,22.1,0.1,21.3,0,17.7,1.1,7.4,1.1,4.6,0.7,35.9,0.7,4,0.8,9.6,0.9,5.5,1,7,1.1,2.6,0.5,0.6404,0.9125,0.9905,0.6286,0.5605,3.7325,0.8813,0.7721,0.3791,0.683,0.7813,0.915,3.5305,0.9723,0.7495,0.7495,0.7495,0.6149,0.465,0.9402,0.7075,0.6139,3.3415,0.9055,11.354,0.9561,0,1,1,0,0,2,0,0,0,1,1,0,0,0,1,0,0,1,82119,11039,1133,424,154,22354,0,1696,142,2896,289,137,51,3246,354,510,308,13,0.1,0.5,0.2,25.7,0,1.9,0.2,3.3,0.3,0.2,0.1,3.7,0.4,0.6,0.4
Merced,6047,26,23.71875,2242.773438,460.504,1378.570313,430.2890625,2.683641406,93139.0625,273661,86691,193,81306,615,84828,3256,12819,1016,26344,1237,49104,1637,21609,1561,30765,88,80729,140,35541,1397,7831,752,33758,1673,200074,980,3685,458,5692,576,6941,566,5792,617,6050,531,31.7,1.2,10.7,0.8,32.4,1.5,30.3,1,8,0.6,11.2,0.1,29.5,0.1,13.1,0.5,9.6,0.9,13.4,0.7,73.1,0.4,4.3,0.5,6.6,0.7,8.5,0.7,7.1,0.8,2.2,0.2,0.8157,0.9685,0.9644,0.9889,0.4586,4.1961,0.9644,0.0283,0.9707,0.261,0.9284,0.9892,3.1776,0.9029,0.972,0.972,0.972,0.6416,0.3342,0.979,0.7164,0.5465,3.2177,0.8628,11.5634,0.9698,0,1,1,1,0,3,0,1,1,1,3,1,1,0,1,0,0,1,265012,23675,2104,7626,398,164836,0,20335,459,1014,269,700,123,5203,679,360,208,8.8,0,2.8,0.1,60.2,0,7.4,0.2,0.4,0.1,0.3,0.1,1.9,0.2,0.1,0.1
Modoc,6049,3,26.25,2945.625,584,1209.75,463.875,2.266775,51162.5,8853,5259,93,3594,237,2209,438,290,145,729,160,1028,327,928,379,2427,98,1743,21,1412,315,182,90,285,258,2023,310,133,96,488,130,116,58,123,64,479,214,25.7,5.1,8.4,4.1,20.3,4.2,15.3,4.9,10.7,4.4,27.4,1.1,19.7,0.2,16.3,3.6,5.1,2.5,3.4,3.1,22.9,3.5,2.5,1.8,9.3,2.5,3.2,1.6,3.4,1.7,5.4,2.4,0.5999,0.9058,0.3628,0.7276,0.668,3.2641,0.7505,0.9421,0.2164,0.5678,0.3905,0.8756,2.9924,0.824,0.5923,0.5923,0.5923,0.4402,0.4516,0.8014,0.1604,0.8275,2.6811,0.5945,9.5299,0.7715,0,1,0,0,0,1,1,0,0,0,1,0,0,0,0,0,0,0,7862,1517,402,123,54,1317,0,169,241,312,137,7,13,91,129,4,6,18.1,0.5,1.4,0.6,14.9,0,1.9,2.7,3.5,1.5,0.1,0.1,1,1.5,0,0.1
Mono,6051,1,15.47058824,2827.588235,627.2941176,585.6470588,233,3.290658824,152129.4118,14395,14092,63,5196,538,2451,520,202,138,1421,395,1185,307,1800,502,2198,134,2983,119,913,230,154,112,439,211,5057,224,1927,352,870,252,216,140,165,71,352,161,17.2,3.6,2.4,1.7,27.3,7.1,11.8,3.1,12.6,3.5,15.3,0.9,20.7,0.8,6.4,1.6,3,2.1,3.2,1.5,35.1,1.6,13.7,2.5,6.2,1.8,4.2,2.7,3.2,1.3,2.4,1.1,0.1922,0.092,0.8342,0.542,0.7734,2.4338,0.4749,0.1827,0.3113,0.0041,0.077,0.8654,1.4405,0.0363,0.7377,0.7377,0.7377,0.9306,0.3138,0.8842,0.1362,0.5805,2.8453,0.6827,7.4573,0.4223,0,0,0,0,0,0,0,0,0,0,0,0,0,1,0,0,0,1,14093,1920,641,32,46,3893,0,629,73,178,87,0,21,218,108,107,153,13.7,0.2,0.2,0.3,27,0,4.4,0.5,1.2,0.6,0,0.3,1.5,0.8,0.7,1.1
Monterey,6053,33,27.88118812,2883.910891,603.6834171,1714.405941,558.3366337,3.7438,229539.1337,432977,141910,492,128003,965,92505,3990,10084,858,41931,1526,74661,2105,39081,1778,59061,86,113350,0,37082,1506,7163,692,68607,2374,305345,1266,14762,881,6592,619,17397,1023,5449,522,17329,1641,22.2,1,5.1,0.4,32.8,1.2,27,0.8,9.4,0.4,13.6,0.1,26.2,0,8.9,0.4,5.6,0.5,17.1,0.6,70.5,0.3,10.4,0.6,4.6,0.4,13.6,0.8,4.3,0.4,4,0.4,0.429,0.5385,0.9688,0.9774,0.5675,3.4812,0.8164,0.0961,0.9055,0.0318,0.4914,0.9949,2.5197,0.5423,0.9653,0.9653,0.9653,0.88,0.2231,0.9975,0.2909,0.7584,3.1499,0.8348,10.1161,0.845,0,0,1,1,0,2,0,1,0,1,2,1,1,0,1,0,0,1,439994,46634,3608,10471,447,255512,0,24133,754,657,194,1839,206,11969,812,764,309,11.2,0,2.4,0.1,59,0,5.6,0.2,0.2,0.1,0.4,0.1,2.8,0.2,0.2,0.1
Napa,6055,10,28.65048544,2231.660194,431.4455446,1048.834951,400.6213592,3.840921359,204133.0097,138572,55339,196,48484,532,17518,1672,3350,362,13186,776,14162,722,8025,883,26610,87,28555,73,16700,947,2256,318,9612,865,66755,825,5433,475,3539,392,2858,363,2418,309,4001,502,13,1.2,4.5,0.5,27.2,1.6,14.5,0.7,5.9,0.6,19.2,0.1,20.6,0.1,12.2,0.7,4.7,0.7,7.3,0.7,48.2,0.6,9.8,0.9,6.4,0.7,5.9,0.7,5,0.6,2.9,0.4,0.0649,0.4169,0.83,0.6906,0.2597,2.2621,0.4141,0.5299,0.3011,0.1945,0.3049,0.9612,2.2916,0.3765,0.8654,0.8654,0.8654,0.8679,0.3227,0.9513,0.4102,0.6585,3.2106,0.8603,8.6297,0.6209,0,0,0,0,0,0,0,0,0,1,1,0,0,0,1,0,0,1,149332,9768,1227,2738,177,47300,0,10383,470,467,145,253,92,5008,577,606,257,7.3,0,2,0.1,34.1,0,7.5,0.3,0.3,0.1,0.2,0.1,3.6,0.4,0.4,0.2
Nevada,6057,12,17.97916667,2069.25,386.6947368,817.8125,320.28125,3.300015625,151272.9167,99417,53905,118,40917,714,16143,1467,1851,335,13238,929,4144,603,5617,686,27250,142,17000,88,13719,918,1627,394,1167,333,15100,407,2127,381,3296,453,711,169,1483,320,1255,267,16.4,1.5,4,0.7,32.4,2.2,5.4,0.8,5.7,0.7,27.4,0.1,17.1,0.1,13.9,0.9,4,1,1.2,0.3,15.2,0.4,3.9,0.7,6.1,0.8,1.7,0.4,3.6,0.8,1.3,0.3,0.1595,0.3065,0.9644,0.0659,0.2381,1.7344,0.2524,0.9421,0.0668,0.3421,0.1871,0.6413,2.1794,0.3106,0.4605,0.4605,0.4605,0.605,0.3062,0.4363,0.1856,0.2686,1.8017,0.1782,6.176,0.2164,0,0,1,0,0,1,1,0,0,0,1,0,0,0,0,0,0,0,89266,8962,1307,347,113,9480,0,1080,191,342,140,150,64,3580,290,121,96,9.1,0,0.3,0.1,9.5,0,1.1,0.2,0.3,0.1,0.2,0.1,3.6,0.3,0.1,0.1
Orange,6059,130,22.58008658,2775.084106,531.4188514,1464.996908,503.2213976,5.010546135,257709.214,3170345,1101244,541,1040001,2374,528549,11538,83099,2531,301820,4402,304692,4250,225042,5776,468842,0,697715,0,279176,4186,52985,1913,279331,4598,1907705,4843,212164,3829,29762,1077,91873,2529,46302,1832,43652,1346,16.9,0.4,5,0.2,29,0.4,14,0.2,7.1,0.2,14.8,0,22,0,8.9,0.1,5.1,0.2,9.4,0.2,60.2,0.2,19.3,0.3,2.7,0.1,8.8,0.2,4.5,0.2,1.4,0,0.177,0.5172,0.8943,0.6661,0.3752,2.6298,0.5391,0.1556,0.4806,0.0318,0.3905,0.9749,2.0334,0.2218,0.9239,0.9239,0.9239,0.9729,0.1114,0.9806,0.3246,0.3157,2.7052,0.6085,8.2923,0.5621,0,0,0,0,0,0,0,0,0,1,1,1,1,1,1,0,0,2,3408183,195237,7388,49452,1079,1071393,0,661083,3003,5306,631,8394,557,103917,3393,8160,1029,6.2,0,1.6,0.1,33.8,0,20.9,0.1,0.2,0.1,0.3,0.1,3.3,0.1,0.3,0.1
Placer,6061,8,20,3235.234848,585.4885496,1293.643939,478.3030303,3.854187121,171049.2424,391799,166083,271,145714,730,43914,2577,7917,586,37544,1539,13573,1033,14444,1238,76618,73,87116,0,40920,1397,6544,695,6094,747,111533,1521,12418,762,4448,400,2813,372,5403,550,4187,701,11.3,0.7,4.2,0.3,25.8,1,4.9,0.4,3.7,0.3,19.6,0.1,22.2,0,10.5,0.4,4.5,0.5,1.6,0.2,28.5,0.4,7.5,0.5,2.7,0.2,1.9,0.3,3.7,0.4,1.1,0.2,0.0353,0.3539,0.7648,0.0471,0.0506,1.2517,0.1346,0.5722,0.508,0.091,0.2651,0.7139,2.1502,0.2934,0.6617,0.6617,0.6617,0.8065,0.1114,0.5032,0.1986,0.1913,1.811,0.1814,5.8746,0.1782,0,0,0,0,0,0,0,0,0,0,0,0,0,0,0,0,0,0,405989,25978,2156,6080,487,55932,0,31402,826,1264,253,474,120,15650,1091,731,358,6.7,0,1.6,0.1,14.3,0,8,0.2,0.3,0.1,0.1,0.1,4,0.3,0.2,0.1
Plumas,6063,5,20.57575758,1781.424242,360.6060606,598.1515152,246.2121212,2.6342,97109.09091,18844,15873,54,8332,278,3576,566,524,180,2114,268,771,192,592,223,5217,79,3172,62,3131,377,311,111,216,163,3343,400,305,119,1900,287,196,99,442,133,395,113,19.3,3.1,6.3,2.2,25.4,3.1,5.3,1.3,3.2,1.2,27.7,0.4,16.8,0.3,16.8,2,3.7,1.3,1.2,0.9,17.7,2.1,1.9,0.7,12,1.8,2.4,1.2,5.3,1.6,2.1,0.6,0.2896,0.7419,0.7412,0.0611,0.0229,1.8567,0.289,0.9465,0.0602,0.612,0.1423,0.6413,2.4023,0.4539,0.5137,0.5137,0.5137,0.3469,0.5649,0.6483,0.4605,0.5245,2.5451,0.5204,7.3178,0.3972,0,0,0,0,0,0,1,0,0,0,1,0,0,0,0,0,0,0,18783,2438,513,254,208,1749,0,217,104,204,121,29,47,754,220,136,203,13.2,0.1,1.3,1.1,9.3,0,1.2,0.6,1.1,0.6,0.2,0.2,4,1.2,0.7,1.1
Riverside,6065,77,19.23639456,4226.841837,820.8293515,1977.528912,682.4047619,3.394157993,140104.602,2437864,845066,1119,736413,2254,518929,9541,82367,2997,248913,4008,273740,4665,204878,5732,352375,0,613823,0,280243,4173,45018,1736,182640,4325,1600017,4739,64822,1994,72363,1781,52030,1765,29230,1183,37959,3580,21.6,0.4,7.3,0.3,33.8,0.5,17.2,0.3,8.5,0.2,14.5,0,25.2,0,11.6,0.2,6.1,0.2,8,0.2,65.6,0.2,7.7,0.2,8.6,0.2,7.1,0.2,4,0.2,1.6,0.1,0.4026,0.8383,0.978,0.8027,0.4994,3.521,0.8304,0.1426,0.8555,0.1521,0.591,0.9647,2.7059,0.6633,0.9468,0.9468,0.9468,0.8144,0.4201,0.9675,0.2397,0.3873,2.829,0.6747,10.0027,0.8297,0,0,1,0,0,1,0,0,0,1,1,1,1,0,1,0,0,1,2229551,195710,7592,148003,2406,1204521,0,159004,2020,9079,679,6687,540,66458,3294,6265,994,8.2,0,6.1,0.1,49.4,0,6.5,0.1,0.4,0.1,0.3,0.1,2.7,0.1,0.3,0.1
Sacramento,6067,48,27.35319767,3104.640988,605.6345029,1509.505814,571.7688953,3.366177326,131881.1047,1537948,572916,455,547519,1431,341697,6428,48974,2233,183390,3264,125811,3296,83134,2712,216519,0,363852,0,182571,3535,39843,1691,89534,2689,865983,4865,74537,2236,13609,793,28745,1298,34601,1161,23821,1194,22.5,0.4,6.4,0.3,33.5,0.6,12.1,0.3,5.5,0.2,14.1,0,23.7,0,12,0.2,7.3,0.3,6.2,0.2,56.3,0.3,13,0.4,2.4,0.1,5.3,0.2,6.3,0.2,1.5,0.1,0.4433,0.7549,0.9739,0.5624,0.2139,2.9484,0.648,0.1235,0.7136,0.1792,0.767,0.9475,2.7308,0.6795,0.9064,0.9064,0.9064,0.9217,0.0961,0.9351,0.6085,0.3517,2.9131,0.7199,9.4987,0.7673,0,0,1,0,0,1,0,0,0,1,1,1,1,1,1,0,0,2,1598380,107068,4842,142796,2308,360204,0,252232,2380,4823,526,16535,574,83950,3260,5443,1204,7.1,0,9.3,0.2,23.4,0,16.4,0.2,0.3,0.1,1.1,0.1,5.5,0.2,0.4,0.1
San Benito,6069,6,22.92857143,2282.785714,436.7857143,1310.607143,407.9285714,3.552057143,216078.5714,61547,19215,47,18389,178,10368,1592,2409,381,5228,492,7223,811,4012,762,7812,47,15844,44,6237,693,1123,241,4971,641,40980,503,501,131,849,197,1415,300,505,144,266,96,17,2.6,7.5,1.2,28.4,2.7,18.1,2,6.5,1.2,12.7,0.1,25.7,0.1,10.2,1.1,6.1,1.3,8.7,1.1,66.6,0.8,2.6,0.7,4.4,1,7.7,1.6,2.7,0.8,0.4,0.2,0.183,0.8587,0.8714,0.831,0.3205,3.0646,0.6865,0.0646,0.8851,0.0748,0.591,0.9701,2.5856,0.5875,0.9507,0.9507,0.9507,0.4545,0.2104,0.9714,0.084,0.0363,1.7566,0.1636,8.3575,0.5738,0,0,0,0,0,0,0,0,0,1,1,1,1,0,1,0,0,1,50841,3610,677,475,106,37015,0,1572,317,199,108,38,32,1611,354,70,58,5.9,1.1,0.8,0.2,60.1,0,2.6,0.5,0.3,0.2,0.1,0.1,2.6,0.6,0.1,0.1
San Bernardino,6071,64,22.2755716,3346.436823,654.256691,1696.438026,559.7039711,3.425615403,126713.3598,2162532,721376,706,640090,1894,529612,8924,72961,2367,223431,3870,264035,4396,175185,4834,250032,100,570845,0,241186,4415,52980,2073,153812,3961,1566270,4950,71427,2041,40936,1415,56289,2133,30615,1363,51927,2304,25.1,0.4,7.3,0.2,34.9,0.6,19.3,0.3,8.3,0.2,11.6,0.1,26.4,0,11.4,0.2,8.3,0.3,7.7,0.2,72.4,0.2,9.9,0.3,5.7,0.2,8.8,0.3,4.8,0.2,2.4,0.1,0.5675,0.8383,0.9854,0.8714,0.4822,3.7448,0.8842,0.0347,0.9131,0.1404,0.8631,0.9631,2.9144,0.7845,0.9701,0.9701,0.9701,0.8701,0.2858,0.9806,0.3775,0.5805,3.0945,0.8125,10.7238,0.9058,0,0,1,0,0,1,0,1,0,1,2,1,1,0,1,0,0,1,2071938,209487,8324,166814,2622,1163038,0,155280,1800,7125,587,6058,513,63013,3408,4942,1472,9.9,0,7.7,0.1,53.8,0,7.2,0.1,0.3,0.1,0.3,0.1,2.9,0.2,0.2,0.1
San Diego,6073,190,23.60931677,2886.544099,586.5895663,1519.911801,548.689441,3.784849317,196762.3248,3323970,1215528,822,1130703,2942,593926,12325,104435,2823,366273,5029,270769,5390,244072,5901,467737,0,718250,0,322003,4857,63612,1980,200324,4461,1831805,6309,264838,4004,41738,1477,77186,2180,61132,1833,91323,2341,18.3,0.4,6.2,0.2,32.4,0.4,12,0.2,7.6,0.2,14.1,0,21.6,0,10,0.2,5.6,0.2,6.4,0.1,55.1,0.2,21.8,0.3,3.4,0.1,6.8,0.2,5.4,0.2,2.7,0.1,0.2384,0.7292,0.9644,0.556,0.4227,2.9107,0.6314,0.1235,0.4243,0.0652,0.4914,0.9497,2.0541,0.2352,0.8978,0.8978,0.8978,0.9799,0.1547,0.965,0.4764,0.6283,3.2043,0.8581,9.0669,0.6989,0,0,1,0,0,1,0,0,0,1,1,0,0,1,1,0,0,2,3453356,203586,6716,153310,2242,1126266,0,388801,3248,11828,688,12508,835,131221,4528,7871,1602,6.3,0,4.6,0.1,33.9,0,11.7,0.1,0.4,0.1,0.4,0.1,3.9,0.1,0.2,0.1
San Francisco,6075,86,47.14956522,2307,541.3221831,1221.725217,505.7443478,3.94459913,338759.1148,874784,398613,722,362141,1924,135497,3624,25625,1608,82038,2334,79742,2424,31049,1701,138157,134,117363,0,87964,2379,10805,733,91297,2798,526335,3461,152056,2429,502,144,24084,1331,111714,2414,20169,1770,15.7,0.4,4.7,0.3,22.7,0.6,11.4,0.3,3.6,0.2,15.8,0.1,13.4,0,10.1,0.3,3,0.2,10.9,0.3,60.2,0.4,38.1,0.6,0.1,0.1,6.7,0.4,30.8,0.6,2.3,0.2,0.1343,0.4561,0.5586,0.5191,0.0439,1.712,0.2457,0.219,0.0086,0.0691,0.077,0.9806,1.3543,0.0258,0.9239,0.9239,0.9239,0.9971,0.0019,0.9634,0.9949,0.5627,3.52,0.9484,7.5102,0.4322,0,0,0,0,0,0,0,0,0,1,1,1,1,1,1,1,0,3,1128133,62730,3211,42803,901,132865,0,297279,2112,1796,316,3022,235,43792,2306,4778,1111,7.3,0,4.9,0.1,15.2,0,34,0.2,0.2,0.1,0.3,0.1,5,0.3,0.5,0.1
San Joaquin,6077,38,27.59427208,1971.727924,397.1100478,1143.536993,377.4630072,3.154884487,121890.6921,751615,245192,290,231092,1027,176396,5955,24994,1529,76981,2079,94567,2514,46860,2464,95949,109,203670,0,91706,2364,17654,1096,60993,2427,520758,3474,20995,1142,8074,547,18233,1099,12841,663,17700,968,24,0.8,7.2,0.4,33.3,0.9,19.9,0.5,6.3,0.3,12.8,0.1,27.1,0,12.4,0.3,7.6,0.5,8.7,0.3,69.3,0.5,8.6,0.5,3.3,0.2,7.9,0.5,5.6,0.3,2.4,0.1,0.514,0.8326,0.9726,0.8867,0.3055,3.5114,0.8278,0.0684,0.9338,0.2081,0.802,0.9701,2.9824,0.8202,0.9615,0.9615,0.9615,0.8399,0.1486,0.9733,0.5054,0.5805,3.0477,0.7887,10.503,0.8864,0,0,1,0,0,1,0,1,0,1,2,1,1,0,1,0,0,1,737899,75621,3533,50920,1126,313385,0,116618,2038,1447,283,4228,283,32117,2485,2043,564,10.3,0,6.8,0.1,41.7,0,15.5,0.3,0.2,0.1,0.6,0.1,4.3,0.3,0.3,0.1
San Luis Obispo,6079,47,20.25899281,3260.460432,655.8345324,1583.741007,584.5539568,3.192482014,217322.3094,282517,122256,343,106244,958,45807,2169,6154,799,32463,1316,15482,1022,16434,1455,56700,94,49949,25,32401,1305,4063,560,7485,956,89558,1103,7043,719,9146,627,3281,469,3968,566,16332,821,17.2,0.8,4.5,0.6,30.6,1.2,8.2,0.5,6,0.5,20.1,0.1,17.7,0,11.7,0.5,3.8,0.5,2.8,0.4,31.7,0.4,5.8,0.6,7.5,0.5,3.1,0.4,3.7,0.5,5.8,0.3,0.1922,0.4169,0.9313,0.2686,0.2702,2.0792,0.3523,0.6203,0.0894,0.1588,0.155,0.8425,1.866,0.1461,0.7024,0.7024,0.7024,0.74,0.3736,0.7877,0.1986,0.8431,2.943,0.7336,7.5906,0.4465,0,0,1,0,0,1,0,0,0,0,0,0,0,0,0,0,0,0,279704,20916,2142,4476,423,64275,0,9996,540,1166,198,258,104,8841,807,546,213,7.9,0,1.6,0.1,22.8,0,3.5,0.2,0.4,0.1,0.1,0.1,3.1,0.3,0.2,0.1
San Mateo,6081,34,33.34228188,2805.944072,549.8529412,1415.948546,530.6733781,5.385987696,348452.0828,765623,278756,321,263351,1075,78630,3478,17209,1276,56047,1782,52921,2015,29312,1702,123817,89,156769,0,62417,1782,10521,862,49933,2063,470451,3022,57449,1571,2997,351,19984,1081,13775,853,9952,865,10.4,0.5,4,0.3,21.3,0.7,9.6,0.4,3.8,0.2,16.2,0.1,20.5,0,8.2,0.2,4,0.3,6.9,0.3,61.4,0.4,20.6,0.6,1.1,0.1,7.6,0.4,5.2,0.3,1.3,0.1,0.0255,0.3065,0.4427,0.3759,0.0589,1.2095,0.1267,0.2467,0.2903,0.0194,0.1871,0.9554,1.6989,0.0856,0.9325,0.9325,0.9325,0.9787,0.0395,0.9707,0.4421,0.2686,2.6996,0.6053,6.5405,0.2638,0,0,0,0,0,0,0,0,0,1,1,1,1,1,1,0,0,2,742631,42748,2892,16772,702,184490,0,222208,1856,1021,249,9398,650,32504,1944,4058,966,5.7,0,2.2,0.1,24.1,0,29,0.2,0.1,0.1,1.2,0.1,4.2,0.3,0.5,0.1
Santa Barbara,6083,46,25.94136808,2201.863192,437.3147541,1168.954397,411.5374593,3.969139088,258030.7003,444895,159317,449,148309,891,92730,4197,12848,1067,47491,1669,50146,1683,43302,2370,68020,97,99039,0,44270,1227,8099,766,44724,2034,249566,1153,22417,1211,6841,507,15334,922,8647,757,20618,1034,21.8,1,5.7,0.5,32,1.1,18.2,0.6,9.9,0.5,15.3,0.1,22.3,0,10.1,0.3,5.5,0.5,10.7,0.5,56.1,0.3,14.1,0.8,4.3,0.3,10.3,0.6,5.8,0.5,4.6,0.2,0.4102,0.6442,0.9593,0.8345,0.6101,3.4583,0.8106,0.1827,0.522,0.0691,0.4714,0.9793,2.2245,0.331,0.9058,0.9058,0.9058,0.9341,0.205,0.9895,0.5363,0.7928,3.4577,0.936,10.0463,0.8364,0,0,1,0,0,1,0,0,0,1,1,1,1,1,1,0,0,2,471508,33925,3002,7910,450,203207,0,23789,619,1596,251,349,107,11674,763,1041,298,8,0,1.8,0.1,45.7,0,5.3,0.1,0.4,0.1,0.1,0.1,2.6,0.2,0.2,0.1
Santa Clara,6085,84,26.80059821,2749.790628,532.3229062,1481.531406,517.0618146,5.319831406,302732.1186,1924379,668896,529,635314,1803,219364,5948,44527,1936,134022,2667,150958,2983,81041,2844,259988,0,421988,0,155216,2988,27421,1314,158711,3695,1334735,3975,150848,2548,19220,880,51362,1626,33974,1371,36212,1358,11.6,0.3,4.2,0.2,21.1,0.4,11.3,0.2,4.2,0.1,13.5,0,21.9,0,8.1,0.2,4.3,0.2,8.8,0.2,69.4,0.2,22.6,0.4,2.9,0.1,8.1,0.3,5.3,0.2,1.9,0.1,0.0391,0.3539,0.4255,0.508,0.0869,1.4134,0.1715,0.0929,0.4714,0.0172,0.2285,0.9714,1.7814,0.1114,0.9621,0.9621,0.9621,0.9831,0.1251,0.9752,0.4605,0.478,3.0219,0.7763,7.1788,0.3714,0,0,0,0,0,0,0,0,0,1,1,1,1,1,1,0,0,2,2084727,99133,4275,44917,1163,482101,0,720355,2334,3063,470,6310,601,72358,2743,5631,947,5.3,0,2.3,0.1,25.1,0,37.4,0.1,0.2,0.1,0.3,0.1,3.8,0.1,0.3,0.1
Santa Cruz,6087,17,28.16230366,2356.198953,481.0628272,1203.08377,437.2670157,4.064682723,259426.1832,273170,105819,325,96275,747,49115,2920,8880,803,27012,1382,21131,1215,14114,1224,44913,148,52286,8,31219,1357,4607,564,17443,1385,117761,925,9199,722,6591,518,6591,701,4982,617,13138,838,18.8,1.1,6.1,0.5,28.1,1.4,11.7,0.7,5.2,0.5,16.4,0.1,19.1,0,11.5,0.5,4.8,0.6,6.7,0.5,43.1,0.3,8.7,0.7,6.2,0.5,6.8,0.7,5.2,0.6,4.8,0.3,0.2616,0.7151,0.8612,0.5347,0.1824,2.555,0.5181,0.2623,0.168,0.1474,0.325,0.9532,1.8559,0.14,0.8195,0.8195,0.8195,0.8437,0.3138,0.965,0.4421,0.8017,3.3663,0.9125,8.5967,0.6139,0,0,0,0,0,0,0,0,0,1,1,0,0,0,1,0,0,1,259994,19905,2343,2610,333,91876,0,12944,477,305,121,295,120,8884,649,847,260,7.7,0,1,0.1,33.6,0,4.7,0.2,0.1,0.1,0.1,0.1,3.3,0.2,0.3,0.1
Shasta,6089,24,20.51239669,2510.942149,503.0583333,1215.173554,462.5289256,2.590731405,90765.28926,179267,78488,262,70845,699,42179,1997,4646,439,24194,1151,11252,854,10935,1026,36923,94,38668,52,32094,1032,4209,514,1747,335,37682,857,3604,446,9310,622,2181,314,4496,436,3241,623,24,1.1,5.9,0.5,34.2,1.6,8.9,0.7,6.2,0.6,20.6,0.1,21.6,0,18.1,0.6,5.9,0.7,1,0.2,21,0.5,4.6,0.6,11.9,0.8,3.1,0.4,6.3,0.6,1.8,0.3,0.514,0.6871,0.9809,0.3199,0.2944,2.7963,0.5933,0.6598,0.4243,0.7101,0.5535,0.5863,2.934,0.7941,0.564,0.564,0.564,0.6658,0.5586,0.7877,0.6085,0.4462,3.0668,0.7989,9.3611,0.7451,0,0,1,0,0,1,0,0,0,0,0,0,0,0,0,0,0,0,180554,19343,1645,1871,189,18566,0,5720,349,3613,390,233,129,7431,625,248,135,11,0,1,0.1,10.4,0,3.2,0.2,2,0.2,0.1,0.1,4.1,0.3,0.1,0.1
Sierra,6091,4,32.625,1380,270.75,414.75,167,2.616475,77887.5,2898,2337,119,1250,155,533,166,98,62,380,124,172,85,211,85,817,72,444,64,474,114,84,62,1,50,337,117,35,40,210,100,14,26,56,41,33,46,18.6,5.7,7,4.5,30.4,9.2,7.5,3.7,7.4,3,28.2,2.5,15.3,2,16.5,4.1,6.7,4.9,0,1.8,11.6,4,1.5,1.7,9,4.2,1.1,2.1,4.5,3.2,1.1,1.6,0.2511,0.8167,0.9281,0.2091,0.4052,2.6102,0.5325,0.9561,0.0264,0.5847,0.6862,0,2.2534,0.3501,0.3682,0.3682,0.3682,0.2699,0.4398,0.1996,0.3246,0.1913,1.4252,0.0792,6.657,0.281,0,0,1,0,0,1,1,0,0,0,1,0,0,0,0,0,0,0,2215,473,265,3,5,293,110,0,13,25,29,0,13,16,15,0,13,16.5,1,0.1,0.2,10.1,3.5,0,1.4,0.9,1,0,1.4,0.6,0.5,0,1.4
Siskiyou,6093,10,27.24324324,2691.72973,544.2702703,1176.513514,467.6216216,2.169586486,68205.40541,43516,24177,89,19195,407,12131,876,1325,238,6016,457,3212,330,2786,404,10983,72,8800,18,8088,504,765,168,603,156,10638,359,748,172,2842,272,641,150,1184,221,566,151,28.1,2,7.4,1.4,31.3,2.3,10.1,1,6.4,0.9,25.2,0.2,20.2,0,18.6,1.2,4,0.9,1.5,0.4,24.4,0.8,3.1,0.7,11.8,1.1,3.3,0.8,6.2,1.1,1.3,0.3,0.6999,0.8485,0.9484,0.4131,0.3138,3.2237,0.7381,0.8966,0.2645,0.7463,0.1871,0.6986,2.7931,0.7132,0.6155,0.6155,0.6155,0.5159,0.5541,0.8113,0.5942,0.2686,2.7441,0.6308,9.3764,0.7492,0,0,1,0,0,1,0,0,0,0,0,0,0,0,0,0,0,0,40873,6160,588,641,95,5605,0,537,120,1488,191,138,57,2197,254,32,37,14.3,0.1,1.5,0.2,12.9,0,1.2,0.3,3.4,0.4,0.3,0.1,5,0.6,0.1,0.1
Solano,6095,17,25.05527638,3265.834171,600.2081218,1695.623116,569.9899497,3.917913568,147259.799,444538,159055,278,151191,723,65726,3770,13075,987,42892,1570,34830,1683,21737,1299,69968,0,98625,0,52311,1772,10454,832,19940,1323,279212,2627,15035,923,4495,507,8402,747,7147,631,10780,769,15.2,0.9,5.9,0.4,28.4,1,11.3,0.5,5,0.3,15.7,0,22.2,0,12.1,0.4,6.9,0.5,4.8,0.3,62.8,0.6,9.5,0.6,2.8,0.3,5.6,0.5,4.7,0.4,2.4,0.2,0.1165,0.6871,0.8714,0.508,0.1633,2.3463,0.4459,0.2113,0.508,0.1868,0.7161,0.9204,2.5426,0.5551,0.9392,0.9392,0.9392,0.8603,0.1187,0.9427,0.3571,0.5805,2.8593,0.6922,8.6874,0.6311,0,0,0,0,0,0,0,0,0,1,1,1,1,0,1,0,0,1,394376,25650,2226,59249,1204,119294,0,67107,1286,1497,326,3884,260,25494,1720,2687,817,5.9,0,13.3,0.3,26.8,0,15.1,0.3,0.3,0.1,0.9,0.1,5.7,0.4,0.6,0.2
Sonoma,6097,52,25.31629393,2673.686901,512.0781759,1235.824281,476.057508,3.717958147,206133.8658,496801,206498,271,188958,873,71398,3484,12297,1079,54205,1732,39039,1648,29765,1919,97461,93,97601,0,57586,1658,9477,850,25700,1483,186194,1863,20060,1136,9482,606,9501,721,9120,843,8440,662,14.6,0.7,4.6,0.4,28.7,0.9,10.9,0.5,6,0.4,19.6,0.1,19.6,0,11.7,0.3,5,0.4,5.4,0.3,37.5,0.4,9.7,0.5,4.6,0.3,5,0.4,4.8,0.4,1.7,0.1,0.1025,0.4386,0.8829,0.4768,0.2702,2.171,0.3832,0.5722,0.211,0.1588,0.366,0.9338,2.2418,0.3421,0.767,0.767,0.767,0.8654,0.2231,0.9243,0.3775,0.4198,2.8101,0.6642,7.9899,0.5076,0,0,0,0,0,0,0,0,0,1,1,0,0,0,1,0,0,1,466258,33659,2528,7380,496,134024,0,20733,753,2214,429,1481,246,17875,1411,2487,651,6.9,0,1.5,0.1,27,0,4.2,0.2,0.4,0.1,0.3,0.1,3.6,0.3,0.5,0.1
Stanislaus,6099,32,25.77557756,2203.0033,437.3198653,1217.369637,412.1980198,2.980455116,129870.297,546235,182239,189,174826,884,133459,5024,22357,1162,59902,1959,70126,2085,30491,2477,71230,99,148177,0,70846,2210,13203,967,45979,2176,323273,1606,13192,895,8157,658,12438,859,9973,809,5187,441,24.6,0.9,8.8,0.5,34.3,1.1,20.2,0.6,5.6,0.5,13,0.1,27.1,0,13,0.4,7.6,0.6,9.1,0.4,59.2,0.3,7.2,0.5,4.5,0.4,7.1,0.5,5.7,0.5,0.9,0.1,0.5395,0.9208,0.9819,0.8947,0.2276,3.5645,0.8402,0.0751,0.9338,0.2524,0.802,0.9739,3.0372,0.8425,0.9211,0.9211,0.9211,0.7963,0.2151,0.9675,0.5223,0.126,2.6272,0.5687,10.15,0.8498,0,1,1,0,0,2,0,1,0,1,2,1,1,0,1,0,0,1,530164,51282,2839,15869,531,256424,0,31044,793,2241,440,3012,384,13519,1032,1164,513,9.5,0,2.9,0.1,46.9,0,5.7,0.1,0.4,0.1,0.6,0.1,2.5,0.2,0.2,0.1
Sutter,6101,17,26.625,2226.160714,430.1071429,1137.303571,410.8035714,2.910294643,95244.64286,96315,34394,109,32586,259,22293,1878,3374,438,10029,702,12724,917,6459,899,14791,102,24979,0,11885,651,2551,333,8979,723,52680,766,2958,340,1715,220,2061,343,1828,283,1015,252,23.4,2,7.7,1,30.8,2.1,20.2,1.4,6.8,0.9,15.4,0.1,25.9,0,12.5,0.7,7.8,1,10,0.8,54.7,0.8,8.6,1,5,0.6,6.3,1.1,5.6,0.9,1.1,0.3,0.4819,0.8682,0.9357,0.8947,0.3482,3.5287,0.8323,0.1891,0.8934,0.2171,0.8211,0.9764,3.0971,0.8686,0.8962,0.8962,0.8962,0.8399,0.2451,0.9589,0.5054,0.1913,2.7406,0.6292,10.2626,0.8619,0,0,1,0,0,1,0,0,0,1,1,0,0,0,1,0,0,1,87756,10922,1324,1734,195,30101,0,15815,489,867,136,362,23,3634,521,167,143,11.5,0,1.8,0.2,31.3,0,16.4,0.5,0.9,0.1,0.4,0.1,3.8,0.5,0.2,0.1
Tehama,6103,5,23.36734694,2052.469388,413.75,1012.755102,381.7142857,2.433961224,73006.12245,64176,27618,82,24661,418,19769,1671,2427,428,8466,764,6241,572,3624,638,12707,143,15329,0,12118,841,1557,370,1884,437,20903,359,556,188,5337,466,1028,276,1794,331,836,199,31.2,2.6,8.9,1.6,34.3,3,14.1,1.3,5.7,1,19.8,0.2,23.9,0,19,1.3,6.3,1.5,3.1,0.7,32.6,0.6,2,0.7,19.3,1.7,4.2,1.1,7.3,1.3,1.3,0.3,0.7985,0.9249,0.9819,0.6722,0.2381,3.6156,0.8546,0.5894,0.7435,0.7702,0.6257,0.8606,3.5894,0.9777,0.7126,0.7126,0.7126,0.3622,0.7791,0.8842,0.7387,0.2686,3.0328,0.7823,10.9504,0.9287,0,1,1,0,0,2,0,0,0,0,0,0,0,0,0,0,0,0,58822,10607,1520,378,98,16435,0,1090,100,688,183,9,11,2287,275,16,23,16.7,0.1,0.6,0.2,25.6,0,1.7,0.2,1.1,0.3,0,0.1,3.6,0.4,0,0.1
Trinity,6105,2,20.44444444,1246.888889,279.2592593,483.8148148,190.962963,2.007337037,70718.48148,12541,8895,47,5896,227,4239,664,417,169,1818,349,677,164,1280,328,3507,100,2161,11,2180,294,525,174,89,93,2468,294,76,55,1772,207,263,115,403,133,282,82,34.4,5.4,9,3.5,30.8,5.8,7,1.7,10.4,2.7,28,0.8,17.2,0.1,17.7,2.4,8.9,2.9,0.7,0.8,19.7,2.3,0.9,0.6,19.9,2.3,4.5,1.9,6.8,2.3,2.2,0.7,0.8746,0.9293,0.9357,0.1684,0.6454,3.5534,0.837,0.9513,0.0703,0.683,0.8978,0.4736,3.076,0.8609,0.5439,0.5439,0.5439,0.1585,0.7903,0.9026,0.6859,0.5465,3.0838,0.8071,10.2571,0.8612,0,1,1,0,0,2,1,0,0,0,1,0,0,0,1,0,0,1,9904,2961,540,65,39,933,0,244,23,691,163,35,49,290,143,210,187,24.2,0.2,0.5,0.3,7.4,0,1.9,0.2,5.5,1.3,0.3,0.4,2.3,1.1,1.7,1.5
Tulare,6107,41,23.56976744,2004.856589,407.6626984,1197.957364,377.6007752,2.60663876,78767.05426,463955,150079,175,139044,793,164222,5818,20214,1385,49855,2054,76949,2070,35869,2526,52826,45,142777,0,53760,2610,13115,1082,57319,2173,335204,1383,8159,882,9096,626,14201,991,7394,669,5595,452,35.9,1.3,9.9,0.6,35.9,1.5,28.1,0.8,7.8,0.5,11.4,0.1,30.8,0,11.7,0.6,9.4,0.8,13.4,0.5,72.2,0.3,5.4,0.6,6.1,0.4,10.2,0.7,5.3,0.5,1.2,0.1,0.9055,0.9539,0.9898,0.9828,0.4398,4.2718,0.9733,0.0315,0.979,0.1588,0.9195,0.9892,3.078,0.8622,0.9694,0.9694,0.9694,0.7136,0.3062,0.9882,0.4605,0.2298,2.6983,0.6047,11.0175,0.9344,1,1,1,1,0,4,0,1,1,1,3,1,1,0,1,0,0,1,466703,73770,3504,5923,395,301919,0,15857,498,2592,316,528,120,6913,804,1472,865,16.1,0,1.3,0.1,65.1,0,3.4,0.1,0.6,0.1,0.1,0.1,1.5,0.2,0.3,0.2
Tuolumne,6109,13,19.64912281,2238.508772,443.6607143,850.1052632,314.9649123,2.803463158,124328.0702,54147,31572,121,22937,637,8819,899,1646,308,7519,718,3729,557,3137,462,14109,116,8986,49,10250,750,931,280,262,130,11008,307,757,228,2789,377,561,167,1400,362,3422,264,17.4,1.8,7.3,1.3,32.8,3,9,1.3,6.1,0.9,26.1,0.2,16.6,0.1,20,1.5,4.1,1.2,0.5,0.3,20.3,0.6,2.4,0.7,8.8,1.2,2.4,0.7,6.1,1.5,6.3,0.5,0.2018,0.8383,0.9688,0.3281,0.2839,2.6209,0.5363,0.9208,0.0547,0.824,0.2002,0.3708,2.3705,0.4325,0.5541,0.5541,0.5541,0.4246,0.4297,0.6483,0.5812,0.8577,2.9415,0.7327,8.487,0.5961,0,0,1,0,0,1,1,0,0,0,1,0,0,0,0,0,0,0,52976,6807,1084,979,117,6810,0,730,118,765,149,146,29,1476,186,102,98,13.4,0.1,1.8,0.2,12.6,0,1.3,0.2,1.4,0.3,0.3,0.1,2.7,0.3,0.2,0.2
Ventura,6111,41,23.6484375,3245.1875,591.4550265,1733.270833,564.0625,4.710101302,254322.4401,845599,289425,380,271639,1129,133661,4348,22114,905,77020,2169,82261,2143,70449,2941,131672,76,193847,0,92514,2501,13366,961,71885,2424,465628,1979,31444,1212,11241,652,16793,1007,11671,807,13099,1007,16,0.5,5.1,0.2,28.4,0.8,14.4,0.4,8.4,0.4,15.6,0.1,22.9,0,11,0.3,4.9,0.4,9,0.3,55.1,0.2,10.9,0.4,3.9,0.2,6.2,0.4,4.3,0.3,1.5,0.1,0.1467,0.5385,0.8714,0.6846,0.4917,2.7329,0.57,0.2046,0.6117,0.1149,0.3485,0.9729,2.2526,0.3495,0.8978,0.8978,0.8978,0.8896,0.1779,0.957,0.2909,0.3517,2.6671,0.5882,8.5504,0.6073,0,0,0,0,0,0,0,0,0,1,1,0,0,0,1,0,0,1,800107,71112,4406,14321,611,361648,0,59761,1174,1847,311,1655,158,24692,1367,1704,421,8.5,0,1.7,0.1,42.8,0,7.1,0.1,0.2,0.1,0.2,0.1,2.9,0.2,0.2,0.1
Yolo,6113,12,26.18987342,3183.392405,658.1898734,1756.949367,633.2278481,3.01923038,140881.0127,218774,78565,273,74614,619,54468,2581,5953,647,22623,1179,16124,911,9433,1194,27314,112,45977,0,22154,1172,4260,579,12433,1231,118516,1373,12667,839,2908,357,4336,562,5934,586,8103,731,25.8,1.2,5.6,0.6,30.3,1.6,12.5,0.7,4.3,0.5,12.5,0.1,21,0,10.2,0.5,5.7,0.8,6,0.6,54.2,0.6,16.1,1.1,3.7,0.5,5.8,0.8,8,0.8,3.7,0.3,0.6025,0.6279,0.9262,0.5856,0.0974,2.8396,0.6085,0.0586,0.3428,0.0748,0.5124,0.9446,1.9332,0.1725,0.8934,0.8934,0.8934,0.9526,0.1684,0.9488,0.7989,0.7358,3.6045,0.9634,9.2707,0.7307,0,0,1,0,0,1,0,0,0,1,1,0,0,1,1,0,0,2,234275,16979,2085,5137,386,69341,0,31237,787,768,216,928,155,10490,982,615,286,8.1,0,2.3,0.2,31.7,0,14.3,0.4,0.4,0.1,0.4,0.1,4.8,0.4,0.3,0.1
Yuba,6115,10,25.1509434,1925.792453,402.3018868,1112.339623,375.1320755,2.329890566,78558.49057,77524,28632,122,26434,401,18954,1551,2257,423,8883,725,8724,757,5344,739,9588,150,21355,0,11451,804,1898,360,3228,484,35675,738,1932,347,2677,417,1219,244,1757,329,1471,349,25,2,7.1,1.2,33.6,2.7,17.8,1.5,7.1,1,12.4,0.2,27.5,0,15.3,1.1,7.2,1.4,4.5,0.7,46,1,6.7,1.2,9.3,1.5,4.6,0.9,6.6,1.2,1.9,0.5,0.5637,0.8253,0.9758,0.8224,0.3752,3.5624,0.8396,0.057,0.9443,0.4717,0.754,0.9118,3.1388,0.8861,0.853,0.853,0.853,0.7775,0.4516,0.9087,0.6556,0.478,3.2714,0.8845,10.8256,0.9147,0,0,1,0,0,1,0,1,0,1,2,0,0,0,1,0,0,1,74261,8149,1134,2533,311,22318,0,5134,314,596,196,296,54,4664,543,134,120,10.7,0.1,3.3,0.4,28.8,0,6.6,0.4,0.8,0.3,0.4,0.1,6,0.7,0.2,0.2